-- --------------------------------------------------------
-- Host:                         127.0.0.1
-- Server version:               5.7.28 - MySQL Community Server (GPL)
-- Server OS:                    Win64
-- HeidiSQL Version:             11.0.0.5919
-- --------------------------------------------------------

/*!40101 SET @OLD_CHARACTER_SET_CLIENT=@@CHARACTER_SET_CLIENT */;
/*!40101 SET NAMES utf8 */;
/*!50503 SET NAMES utf8mb4 */;
/*!40014 SET @OLD_FOREIGN_KEY_CHECKS=@@FOREIGN_KEY_CHECKS, FOREIGN_KEY_CHECKS=0 */;
/*!40101 SET @OLD_SQL_MODE=@@SQL_MODE, SQL_MODE='NO_AUTO_VALUE_ON_ZERO' */;


-- Dumping database structure for thuvien
CREATE DATABASE IF NOT EXISTS `thuvien` /*!40100 DEFAULT CHARACTER SET utf8 */;
USE `thuvien`;

-- Dumping structure for table thuvien.chitiet_pms
CREATE TABLE IF NOT EXISTS `chitiet_pms` (
  `id` int(11) NOT NULL AUTO_INCREMENT,
  `mapms` int(11) NOT NULL DEFAULT '0',
  `macuonsach` int(11) NOT NULL DEFAULT '0',
  `mathanhvien` int(11) NOT NULL DEFAULT '0',
  PRIMARY KEY (`id`),
  KEY `mapms` (`mapms`),
  KEY `macuonsach` (`macuonsach`),
  KEY `mathanhvien` (`mathanhvien`),
  CONSTRAINT `chitiet_pms_ibfk_1` FOREIGN KEY (`mapms`) REFERENCES `phieumuonsach` (`id`),
  CONSTRAINT `chitiet_pms_ibfk_2` FOREIGN KEY (`macuonsach`) REFERENCES `cuonsach` (`id`),
  CONSTRAINT `chitiet_pms_ibfk_3` FOREIGN KEY (`mathanhvien`) REFERENCES `thanhvien` (`id`)
) ENGINE=InnoDB DEFAULT CHARSET=latin1;

-- Dumping data for table thuvien.chitiet_pms: ~8 rows (approximately)
DELETE FROM `chitiet_pms`;
/*!40000 ALTER TABLE `chitiet_pms` DISABLE KEYS */;
INSERT INTO `chitiet_pms` (`id`, `mapms`, `macuonsach`, `mathanhvien`) VALUES
	(1, 2, 1, 1),
	(2, 2, 2, 1),
	(3, 3, 3, 1),
	(4, 3, 6, 1),
	(5, 4, 4, 2),
	(6, 4, 7, 2),
	(7, 5, 4, 3),
	(8, 5, 8, 3);
/*!40000 ALTER TABLE `chitiet_pms` ENABLE KEYS */;

-- Dumping structure for table thuvien.ci_sessions
CREATE TABLE IF NOT EXISTS `ci_sessions` (
  `id` varchar(128) NOT NULL,
  `ip_address` varchar(45) NOT NULL,
  `timestamp` int(10) unsigned NOT NULL DEFAULT '0',
  `data` blob NOT NULL,
  KEY `ci_sessions_timestamp` (`timestamp`)
) ENGINE=MyISAM DEFAULT CHARSET=utf8;

-- Dumping data for table thuvien.ci_sessions: 94 rows
DELETE FROM `ci_sessions`;
/*!40000 ALTER TABLE `ci_sessions` DISABLE KEYS */;
INSERT INTO `ci_sessions` (`id`, `ip_address`, `timestamp`, `data`) VALUES
	('guejvneobhgl8uus7rk69vhmv4efuk8o', '127.0.0.1', 1594773552, _binary 0x5F5F63695F6C6173745F726567656E65726174657C693A313539343737333535323B),
	('qhtvp08o4vqvbunhdojfb6gngft75dg7', '127.0.0.1', 1594773992, _binary 0x5F5F63695F6C6173745F726567656E65726174657C693A313539343737333939323B),
	('sgbshh531qab09urotmcg0231tal3nfh', '127.0.0.1', 1594775119, _binary 0x5F5F63695F6C6173745F726567656E65726174657C693A313539343737353131393B61646D696E5F6C6F67696E7C623A313B),
	('km3ipb94gasr9qdslrplq39kjrr8fp09', '127.0.0.1', 1594776366, _binary 0x5F5F63695F6C6173745F726567656E65726174657C693A313539343737363336363B61646D696E5F6C6F67696E7C623A313B),
	('5epko5g01vpfb6vabk91h74fdl7seklp', '127.0.0.1', 1594776693, _binary 0x5F5F63695F6C6173745F726567656E65726174657C693A313539343737363639333B61646D696E5F6C6F67696E7C623A313B),
	('l1q4pqaguf90mee0qpi1n5e860371i57', '127.0.0.1', 1594777033, _binary 0x5F5F63695F6C6173745F726567656E65726174657C693A313539343737373033333B61646D696E5F6C6F67696E7C623A313B),
	('ie7gnphnuhh3lb05qslc6kpqmk48bri0', '127.0.0.1', 1594777459, _binary 0x5F5F63695F6C6173745F726567656E65726174657C693A313539343737373435393B61646D696E5F6C6F67696E7C623A313B),
	('lq84vevmp8c513f7dlilevd3p3c7l3ea', '127.0.0.1', 1594777772, _binary 0x5F5F63695F6C6173745F726567656E65726174657C693A313539343737373737323B61646D696E5F6C6F67696E7C623A313B),
	('6c3vnep2tfgappq6u7uomvhkap6hie5l', '127.0.0.1', 1594778253, _binary 0x5F5F63695F6C6173745F726567656E65726174657C693A313539343737383235333B61646D696E5F6C6F67696E7C623A313B),
	('aksmt0146o7n44ihsir5lv61p3f2gqv9', '127.0.0.1', 1594778615, _binary 0x5F5F63695F6C6173745F726567656E65726174657C693A313539343737383631353B61646D696E5F6C6F67696E7C623A313B),
	('8r0ct5qaakdlg1mshdtlopln2fjosd57', '127.0.0.1', 1594778615, _binary 0x5F5F63695F6C6173745F726567656E65726174657C693A313539343737383631353B61646D696E5F6C6F67696E7C623A313B),
	('eevg85dkao8f5lh09emgj921lg309rnb', '127.0.0.1', 1594786761, _binary 0x5F5F63695F6C6173745F726567656E65726174657C693A313539343738363736313B61646D696E5F6C6F67696E7C623A313B),
	('t6npvfp4c132skct52tu8tt6hgqkjr4u', '127.0.0.1', 1594787389, _binary 0x5F5F63695F6C6173745F726567656E65726174657C693A313539343738373338393B61646D696E5F6C6F67696E7C623A313B),
	('m63rmqhm0okcll17kfjo3m3mf4qdoblt', '127.0.0.1', 1594787952, _binary 0x5F5F63695F6C6173745F726567656E65726174657C693A313539343738373935323B61646D696E5F6C6F67696E7C623A313B),
	('so8npsc6bq16q9mn4sf5qbvqvanudk5k', '127.0.0.1', 1594789001, _binary 0x5F5F63695F6C6173745F726567656E65726174657C693A313539343738393030313B61646D696E5F6C6F67696E7C623A313B),
	('mvnf21jkrum74oit09jgm5f5f7abhcdt', '127.0.0.1', 1594790983, _binary 0x5F5F63695F6C6173745F726567656E65726174657C693A313539343739303938333B61646D696E5F6C6F67696E7C623A313B),
	('vkrara3p9stl5itm91ui403ldh690g4t', '127.0.0.1', 1594790983, _binary 0x5F5F63695F6C6173745F726567656E65726174657C693A313539343739303938333B61646D696E5F6C6F67696E7C623A313B),
	('hrfq8m7kqmhh7fl1i583la8uu3q0hgra', '127.0.0.1', 1594817104, _binary 0x5F5F63695F6C6173745F726567656E65726174657C693A313539343831373130343B61646D696E5F6C6F67696E7C623A313B),
	('knv044kccdjplfd74nu3rlj2e43pk3sf', '127.0.0.1', 1594819375, _binary 0x5F5F63695F6C6173745F726567656E65726174657C693A313539343831393337353B61646D696E5F6C6F67696E7C623A313B),
	('se3ga01s4lhj5ts1lapuqen9ibefek8j', '127.0.0.1', 1594820134, _binary 0x5F5F63695F6C6173745F726567656E65726174657C693A313539343832303133343B61646D696E5F6C6F67696E7C623A313B),
	('0evadevqhfvsmsg9btl0bcschc5ekice', '127.0.0.1', 1594821204, _binary 0x5F5F63695F6C6173745F726567656E65726174657C693A313539343832313230343B61646D696E5F6C6F67696E7C623A313B),
	('nequhf2eti3dpljj24t79qh579lu3rfb', '127.0.0.1', 1594821711, _binary 0x5F5F63695F6C6173745F726567656E65726174657C693A313539343832313731313B61646D696E5F6C6F67696E7C623A313B),
	('qpjlht7s2iv1b4sokte94j7ee124tb2n', '127.0.0.1', 1594822013, _binary 0x5F5F63695F6C6173745F726567656E65726174657C693A313539343832323031333B61646D696E5F6C6F67696E7C623A313B),
	('5kc82djf8b3dpho9gv8cndkq1mtr2q7k', '127.0.0.1', 1594822406, _binary 0x5F5F63695F6C6173745F726567656E65726174657C693A313539343832323430363B61646D696E5F6C6F67696E7C623A313B),
	('jghba2tsnf0k5q827n2qs9km6m1aph32', '127.0.0.1', 1594822724, _binary 0x5F5F63695F6C6173745F726567656E65726174657C693A313539343832323732343B61646D696E5F6C6F67696E7C623A313B),
	('0av2jm1pm6ov02cg5ukie82qt3aqe4cv', '127.0.0.1', 1594823268, _binary 0x5F5F63695F6C6173745F726567656E65726174657C693A313539343832333236383B61646D696E5F6C6F67696E7C623A313B),
	('75loo09d9p6bpicjla1vau3h3f8sf05t', '127.0.0.1', 1594823599, _binary 0x5F5F63695F6C6173745F726567656E65726174657C693A313539343832333539393B61646D696E5F6C6F67696E7C623A313B),
	('a2p67vqi27glmte6q6q2gptsabpi3frn', '127.0.0.1', 1594823916, _binary 0x5F5F63695F6C6173745F726567656E65726174657C693A313539343832333931363B61646D696E5F6C6F67696E7C623A313B),
	('af4tmt8uonee2h0i4q57bt6sib9e3a07', '127.0.0.1', 1594824627, _binary 0x5F5F63695F6C6173745F726567656E65726174657C693A313539343832343632373B61646D696E5F6C6F67696E7C623A313B),
	('a7ili3n02cppi4hfofd6hg0lof45ol1g', '127.0.0.1', 1594824951, _binary 0x5F5F63695F6C6173745F726567656E65726174657C693A313539343832343935313B61646D696E5F6C6F67696E7C623A313B),
	('eh7gcnb5ost8mqdgh4lpneoqe627ea07', '127.0.0.1', 1594825334, _binary 0x5F5F63695F6C6173745F726567656E65726174657C693A313539343832353333343B61646D696E5F6C6F67696E7C623A313B),
	('1rq5aesncps9nf6nqqv4v1idqe5e75gc', '127.0.0.1', 1594825681, _binary 0x5F5F63695F6C6173745F726567656E65726174657C693A313539343832353638313B61646D696E5F6C6F67696E7C623A313B),
	('rtb82end0gper8e8c9p87i436g3j9l1r', '127.0.0.1', 1594826000, _binary 0x5F5F63695F6C6173745F726567656E65726174657C693A313539343832363030303B61646D696E5F6C6F67696E7C623A313B),
	('6voa761dq1489d2evoguhdhmu7k4ckd6', '127.0.0.1', 1594826011, _binary 0x5F5F63695F6C6173745F726567656E65726174657C693A313539343832363030303B61646D696E5F6C6F67696E7C623A313B),
	('5tbfgrdg6srmgoecmtm14coc5o2p9mi8', '127.0.0.1', 1595690995, _binary 0x5F5F63695F6C6173745F726567656E65726174657C693A313539353639303939353B),
	('lcn3s8k5hiahc5g0j6p86dgo8fckn7kf', '127.0.0.1', 1595691953, _binary 0x5F5F63695F6C6173745F726567656E65726174657C693A313539353639313935333B61646D696E5F6C6F67696E7C623A313B),
	('da47okpgob3o50clbqhtkp9vbqp1vs4t', '127.0.0.1', 1595692346, _binary 0x5F5F63695F6C6173745F726567656E65726174657C693A313539353639323334363B61646D696E5F6C6F67696E7C623A313B),
	('0lc9vdo5bogfj2ns6uis8jhkr6c190bv', '127.0.0.1', 1595692693, _binary 0x5F5F63695F6C6173745F726567656E65726174657C693A313539353639323639333B61646D696E5F6C6F67696E7C623A313B),
	('vu5g0ea7ufd5qpf0d5jv6ip4cl7nodsg', '127.0.0.1', 1595693003, _binary 0x5F5F63695F6C6173745F726567656E65726174657C693A313539353639333030333B61646D696E5F6C6F67696E7C623A313B),
	('khqrl5a0ksr2q0bkqgraoga3vovb1bjh', '127.0.0.1', 1595693513, _binary 0x5F5F63695F6C6173745F726567656E65726174657C693A313539353639333531333B61646D696E5F6C6F67696E7C623A313B),
	('u2ash2qvq380ft9egdbk5ebf8v7pf109', '127.0.0.1', 1595693817, _binary 0x5F5F63695F6C6173745F726567656E65726174657C693A313539353639333831373B61646D696E5F6C6F67696E7C623A313B),
	('2051iicjtrpd31j5e9ci7qpmionkkr59', '127.0.0.1', 1595694452, _binary 0x5F5F63695F6C6173745F726567656E65726174657C693A313539353639343435323B61646D696E5F6C6F67696E7C623A313B),
	('fbdc7kmnedpc2102vf1pa5o28nc2mr7n', '127.0.0.1', 1595694765, _binary 0x5F5F63695F6C6173745F726567656E65726174657C693A313539353639343736353B61646D696E5F6C6F67696E7C623A313B),
	('2rhn9ihuddffjd83tsji504ve5dgudpf', '127.0.0.1', 1595696078, _binary 0x5F5F63695F6C6173745F726567656E65726174657C693A313539353639363037383B61646D696E5F6C6F67696E7C623A313B),
	('0ha501rsgug41ukavqpkcn8440h0cj45', '127.0.0.1', 1595696404, _binary 0x5F5F63695F6C6173745F726567656E65726174657C693A313539353639363430343B61646D696E5F6C6F67696E7C623A313B),
	('69pcob7qk4go7t8tlau2fiergd0kevgr', '127.0.0.1', 1595696886, _binary 0x5F5F63695F6C6173745F726567656E65726174657C693A313539353639363838363B61646D696E5F6C6F67696E7C623A313B),
	('fb221g4hcvofe7aom1col2rm4tg8pasm', '127.0.0.1', 1595697203, _binary 0x5F5F63695F6C6173745F726567656E65726174657C693A313539353639373230333B61646D696E5F6C6F67696E7C623A313B),
	('n2kr67us9232vfi79uqq4r43ravu441g', '127.0.0.1', 1595697454, _binary 0x5F5F63695F6C6173745F726567656E65726174657C693A313539353639373230333B61646D696E5F6C6F67696E7C623A313B),
	('up033u1f6fnrjq9d1ulpntltstd0s2jb', '127.0.0.1', 1595746204, _binary 0x5F5F63695F6C6173745F726567656E65726174657C693A313539353734363230343B61646D696E5F6C6F67696E7C623A313B),
	('j0hgf25lq7hib4i6tnf6rn206e62o5qq', '127.0.0.1', 1595747593, _binary 0x5F5F63695F6C6173745F726567656E65726174657C693A313539353734373539333B61646D696E5F6C6F67696E7C623A313B),
	('86l2lp16r5l14fj5sqfr7mf1d01pa2pg', '127.0.0.1', 1595748251, _binary 0x5F5F63695F6C6173745F726567656E65726174657C693A313539353734383235313B61646D696E5F6C6F67696E7C623A313B),
	('m4m332ullc7mj1ne662nrkm6tsu8m9ik', '127.0.0.1', 1595748554, _binary 0x5F5F63695F6C6173745F726567656E65726174657C693A313539353734383535343B61646D696E5F6C6F67696E7C623A313B),
	('v2g4g70hh4ll23va1jpc574rqju4gs5b', '127.0.0.1', 1595749043, _binary 0x5F5F63695F6C6173745F726567656E65726174657C693A313539353734393034333B61646D696E5F6C6F67696E7C623A313B),
	('bi9sp952pfg8uc5s103g9fd2kngn6u6v', '127.0.0.1', 1595749834, _binary 0x5F5F63695F6C6173745F726567656E65726174657C693A313539353734393833343B61646D696E5F6C6F67696E7C623A313B),
	('1b6nag19kbffcsh746rjii6fqhem4hdq', '127.0.0.1', 1595749873, _binary 0x5F5F63695F6C6173745F726567656E65726174657C693A313539353734393833343B61646D696E5F6C6F67696E7C623A313B),
	('mjmi8v24d4o74qnjc2jtajaucc12shep', '127.0.0.1', 1595765045, _binary 0x5F5F63695F6C6173745F726567656E65726174657C693A313539353736353034353B61646D696E5F6C6F67696E7C623A313B),
	('ll6okj6t8hsg69l0uto3rkvl7ujbs8jn', '127.0.0.1', 1595765550, _binary 0x5F5F63695F6C6173745F726567656E65726174657C693A313539353736353535303B61646D696E5F6C6F67696E7C623A313B),
	('l0286sd1hk50eqnb3gfpqqqf1tsfil5i', '127.0.0.1', 1595767870, _binary 0x5F5F63695F6C6173745F726567656E65726174657C693A313539353736373837303B61646D696E5F6C6F67696E7C623A313B),
	('vsfjtep5km959bk0e3l2270033aj2iba', '127.0.0.1', 1595768806, _binary 0x5F5F63695F6C6173745F726567656E65726174657C693A313539353736383830363B61646D696E5F6C6F67696E7C623A313B),
	('prp98ana2u6ljt8t0adfspulsq2th5r9', '127.0.0.1', 1595770706, _binary 0x5F5F63695F6C6173745F726567656E65726174657C693A313539353737303730363B61646D696E5F6C6F67696E7C623A313B),
	('dl3nn9soeen09f110ugup1qiujm338nt', '127.0.0.1', 1595773164, _binary 0x5F5F63695F6C6173745F726567656E65726174657C693A313539353737333136343B61646D696E5F6C6F67696E7C623A313B),
	('ip2erbk6biiafujv97gm21gtb6ad0up6', '127.0.0.1', 1595773263, _binary 0x5F5F63695F6C6173745F726567656E65726174657C693A313539353737333136343B61646D696E5F6C6F67696E7C623A313B),
	('vummvb5s1pdvdqk3nnijiot405o8slm7', '127.0.0.1', 1595854979, _binary 0x5F5F63695F6C6173745F726567656E65726174657C693A313539353835343937393B61646D696E5F6C6F67696E7C623A313B),
	('38f75f3nk780d6l4kra2o3funue7c69i', '127.0.0.1', 1595855844, _binary 0x5F5F63695F6C6173745F726567656E65726174657C693A313539353835353834343B61646D696E5F6C6F67696E7C623A313B),
	('h7gmu9alu2sjk87mqd91inpbddh6g2q7', '127.0.0.1', 1595856450, _binary 0x5F5F63695F6C6173745F726567656E65726174657C693A313539353835363435303B61646D696E5F6C6F67696E7C623A313B),
	('0sjjnl7jtf7crb3rjkh604ssn7v3lvpd', '127.0.0.1', 1595857251, _binary 0x5F5F63695F6C6173745F726567656E65726174657C693A313539353835373235313B61646D696E5F6C6F67696E7C623A313B),
	('3r1hgvlcf4of37klvjbnpkpplaf1dl0d', '127.0.0.1', 1595857581, _binary 0x5F5F63695F6C6173745F726567656E65726174657C693A313539353835373538313B61646D696E5F6C6F67696E7C623A313B),
	('soddv2v5roekmv8k46i2o6jaubqc38dp', '127.0.0.1', 1595858016, _binary 0x5F5F63695F6C6173745F726567656E65726174657C693A313539353835383031363B61646D696E5F6C6F67696E7C623A313B),
	('f2500og1dipvd6iuqt80vhcvt3o1fpjd', '127.0.0.1', 1595858643, _binary 0x5F5F63695F6C6173745F726567656E65726174657C693A313539353835383634333B61646D696E5F6C6F67696E7C623A313B),
	('bj6m48mcujbh5jrj6ol0b9h2sjgpj83s', '127.0.0.1', 1595858987, _binary 0x5F5F63695F6C6173745F726567656E65726174657C693A313539353835383938373B61646D696E5F6C6F67696E7C623A313B),
	('td176ehupj4vavvhhbssphpe50dullht', '127.0.0.1', 1595859303, _binary 0x5F5F63695F6C6173745F726567656E65726174657C693A313539353835393330333B61646D696E5F6C6F67696E7C623A313B),
	('2hchaijvo2db6unvm2dsd9a9tpfdavj5', '127.0.0.1', 1595860045, _binary 0x5F5F63695F6C6173745F726567656E65726174657C693A313539353836303034353B61646D696E5F6C6F67696E7C623A313B),
	('rjpchmr1muhdhmet7kbumv59k30nqgd8', '127.0.0.1', 1595861448, _binary 0x5F5F63695F6C6173745F726567656E65726174657C693A313539353836313434383B61646D696E5F6C6F67696E7C623A313B),
	('ogb4rd8kvaa0efcc5n5rva2qdh8niv8g', '127.0.0.1', 1595861764, _binary 0x5F5F63695F6C6173745F726567656E65726174657C693A313539353836313736343B61646D696E5F6C6F67696E7C623A313B),
	('ndt20qffi4jkv1nj0r019t9bda45tml2', '127.0.0.1', 1595862022, _binary 0x5F5F63695F6C6173745F726567656E65726174657C693A313539353836313736343B61646D696E5F6C6F67696E7C623A313B),
	('36nbe18j92bl2dcckqq0r4mlbq4eufl7', '127.0.0.1', 1596114257, _binary 0x5F5F63695F6C6173745F726567656E65726174657C693A313539363131343235373B61646D696E5F6C6F67696E7C623A313B),
	('tt9ai0q4doklmtqjhilkv03kgp2e3hf4', '127.0.0.1', 1596119475, _binary 0x5F5F63695F6C6173745F726567656E65726174657C693A313539363131393437353B61646D696E5F6C6F67696E7C623A313B),
	('o53v8akje5ic4rekn7oa9nfoqltq88n9', '127.0.0.1', 1596121344, _binary 0x5F5F63695F6C6173745F726567656E65726174657C693A313539363132313334343B61646D696E5F6C6F67696E7C623A313B),
	('j2pmrd645f83d5p5m6tuaufgormtpujp', '127.0.0.1', 1596121842, _binary 0x5F5F63695F6C6173745F726567656E65726174657C693A313539363132313834323B61646D696E5F6C6F67696E7C623A313B),
	('f3o7tasl3j1g5jvh8b7d4idmv7h90dkt', '127.0.0.1', 1596122149, _binary 0x5F5F63695F6C6173745F726567656E65726174657C693A313539363132323134393B61646D696E5F6C6F67696E7C623A313B),
	('ofd8dn0i0bu77fsjgordd74n1fprdqf0', '127.0.0.1', 1596122707, _binary 0x5F5F63695F6C6173745F726567656E65726174657C693A313539363132323730373B61646D696E5F6C6F67696E7C623A313B),
	('pqo0djj9mqr0c14h0s19702t4sfg6q0d', '127.0.0.1', 1596123301, _binary 0x5F5F63695F6C6173745F726567656E65726174657C693A313539363132333330313B61646D696E5F6C6F67696E7C623A313B),
	('5k912qmepnfdnoqasar2ba7ih9ms1h39', '127.0.0.1', 1596125572, _binary 0x5F5F63695F6C6173745F726567656E65726174657C693A313539363132353537323B61646D696E5F6C6F67696E7C623A313B),
	('612qvp6rkb4kcbbgrtm4e8b99l9fc2ng', '127.0.0.1', 1596126125, _binary 0x5F5F63695F6C6173745F726567656E65726174657C693A313539363132363132353B61646D696E5F6C6F67696E7C623A313B),
	('n76tfj7p5i2dvdqnqnfub7rl8h0hgtfq', '127.0.0.1', 1596126673, _binary 0x5F5F63695F6C6173745F726567656E65726174657C693A313539363132363637333B61646D696E5F6C6F67696E7C623A313B),
	('3jp85rg3vpdff6i8llhj7gqib4js1cou', '127.0.0.1', 1596126981, _binary 0x5F5F63695F6C6173745F726567656E65726174657C693A313539363132363938313B61646D696E5F6C6F67696E7C623A313B),
	('8d49mcfdeaak9h6582k9k2jpv8afrf9p', '127.0.0.1', 1596127228, _binary 0x5F5F63695F6C6173745F726567656E65726174657C693A313539363132363938313B61646D696E5F6C6F67696E7C623A313B),
	('2ir0ugf7cbesjkknv5aeoflpbmm2jtek', '127.0.0.1', 1596268503, _binary 0x5F5F63695F6C6173745F726567656E65726174657C693A313539363236383530333B61646D696E5F6C6F67696E7C623A313B),
	('r6bjd4k9ee9se369scmquetu2ofgfui8', '127.0.0.1', 1596269023, _binary 0x5F5F63695F6C6173745F726567656E65726174657C693A313539363236393032333B61646D696E5F6C6F67696E7C623A313B),
	('5voci8gkehl1gg2regqkeekdoajjic4o', '127.0.0.1', 1596269332, _binary 0x5F5F63695F6C6173745F726567656E65726174657C693A313539363236393333323B61646D696E5F6C6F67696E7C623A313B),
	('7ieq9d6ij5tm2k8ear47lmf5ec8iof64', '127.0.0.1', 1596269699, _binary 0x5F5F63695F6C6173745F726567656E65726174657C693A313539363236393639393B61646D696E5F6C6F67696E7C623A313B),
	('kqhniqueil11k0v7ed624uu0ila2cic6', '127.0.0.1', 1596273504, _binary 0x5F5F63695F6C6173745F726567656E65726174657C693A313539363237333530343B61646D696E5F6C6F67696E7C623A313B),
	('0l0llf6javebu5e4dvlnd3v6gsmg0tvi', '127.0.0.1', 1596273810, _binary 0x5F5F63695F6C6173745F726567656E65726174657C693A313539363237333831303B),
	('5im57jaf3i2bp6l9lkl3i6l0rspj3mu0', '127.0.0.1', 1596278697, _binary 0x5F5F63695F6C6173745F726567656E65726174657C693A313539363237383639373B61646D696E5F6C6F67696E7C623A313B),
	('sh4h8a4401gk7226po8qm5ufulqs4sm6', '127.0.0.1', 1596281402, _binary 0x5F5F63695F6C6173745F726567656E65726174657C693A313539363238313430323B61646D696E5F6C6F67696E7C623A313B),
	('1v5v1n6tsb3rtvslt1p78l80ksdep1dc', '127.0.0.1', 1596282356, _binary 0x5F5F63695F6C6173745F726567656E65726174657C693A313539363238323335363B61646D696E5F6C6F67696E7C623A313B),
	('gv3tjg3f2n94lto42thvofm676snmbks', '127.0.0.1', 1596282677, _binary 0x5F5F63695F6C6173745F726567656E65726174657C693A313539363238323637373B61646D696E5F6C6F67696E7C623A313B),
	('n7ej9r76ue8tg0uqrq60gt6i3ce3d6jc', '127.0.0.1', 1596282952, _binary 0x5F5F63695F6C6173745F726567656E65726174657C693A313539363238323637373B61646D696E5F6C6F67696E7C623A313B);
/*!40000 ALTER TABLE `ci_sessions` ENABLE KEYS */;

-- Dumping structure for table thuvien.cuonsach
CREATE TABLE IF NOT EXISTS `cuonsach` (
  `id` int(11) NOT NULL AUTO_INCREMENT,
  `madausach` int(11) NOT NULL DEFAULT '0',
  `namxuatban` varchar(50) CHARACTER SET utf8 DEFAULT NULL,
  `trangthai` tinyint(4) DEFAULT '0',
  PRIMARY KEY (`id`),
  KEY `madausach` (`madausach`),
  CONSTRAINT `cuonsach_ibfk_1` FOREIGN KEY (`madausach`) REFERENCES `dausach` (`id`)
) ENGINE=InnoDB DEFAULT CHARSET=latin1;

-- Dumping data for table thuvien.cuonsach: ~11 rows (approximately)
DELETE FROM `cuonsach`;
/*!40000 ALTER TABLE `cuonsach` DISABLE KEYS */;
INSERT INTO `cuonsach` (`id`, `madausach`, `namxuatban`, `trangthai`) VALUES
	(1, 2, '2001', 1),
	(2, 2, '2001', 1),
	(3, 2, '2002', 1),
	(4, 3, '2001', 1),
	(5, 3, '2001', 1),
	(6, 5, '2000', 1),
	(7, 5, '2000', 1),
	(8, 1, '2002', 1),
	(9, 5, '2009', 1),
	(10, 5, '2008', 1),
	(11, 5, '2002', 1);
/*!40000 ALTER TABLE `cuonsach` ENABLE KEYS */;

-- Dumping structure for table thuvien.dausach
CREATE TABLE IF NOT EXISTS `dausach` (
  `id` int(11) NOT NULL AUTO_INCREMENT,
  `matuasach` int(11) NOT NULL DEFAULT '0',
  `ngonngu` varchar(255) CHARACTER SET utf8 DEFAULT NULL,
  `trangthai` tinyint(4) NOT NULL DEFAULT '0',
  PRIMARY KEY (`id`),
  KEY `matuasach` (`matuasach`),
  CONSTRAINT `dausach_ibfk_1` FOREIGN KEY (`matuasach`) REFERENCES `tuasach` (`id`)
) ENGINE=InnoDB DEFAULT CHARSET=latin1;

-- Dumping data for table thuvien.dausach: ~6 rows (approximately)
DELETE FROM `dausach`;
/*!40000 ALTER TABLE `dausach` DISABLE KEYS */;
INSERT INTO `dausach` (`id`, `matuasach`, `ngonngu`, `trangthai`) VALUES
	(1, 1, 'Tiếng việt', 1),
	(2, 1, 'Tiếng Anh', 1),
	(3, 2, 'Tiếng Việt', 1),
	(4, 2, 'Tiếng Anh', 1),
	(5, 3, 'Tiếng Việt', 1),
	(6, 3, 'Tiếng Anh', 1);
/*!40000 ALTER TABLE `dausach` ENABLE KEYS */;

-- Dumping structure for table thuvien.phieumuonsach
CREATE TABLE IF NOT EXISTS `phieumuonsach` (
  `id` int(11) NOT NULL AUTO_INCREMENT,
  `ngaytao` datetime DEFAULT NULL,
  `ngayphaitra` datetime DEFAULT NULL,
  `ngaynhansach` datetime DEFAULT NULL,
  `ngaydemtra` datetime DEFAULT NULL,
  `tinhtrang` tinyint(4) DEFAULT '0',
  PRIMARY KEY (`id`)
) ENGINE=InnoDB DEFAULT CHARSET=latin1;

-- Dumping data for table thuvien.phieumuonsach: ~4 rows (approximately)
DELETE FROM `phieumuonsach`;
/*!40000 ALTER TABLE `phieumuonsach` DISABLE KEYS */;
INSERT INTO `phieumuonsach` (`id`, `ngaytao`, `ngayphaitra`, `ngaynhansach`, `ngaydemtra`, `tinhtrang`) VALUES
	(2, '2020-08-01 11:55:50', '2020-07-30 00:00:00', '2020-07-27 00:00:00', '2020-08-01 00:00:00', 4),
	(3, '2020-07-30 15:17:49', '2020-07-31 00:00:00', '2020-07-30 00:00:00', '2020-07-31 00:00:00', 3),
	(4, '2020-07-30 15:17:34', '2020-08-05 00:00:00', '2020-07-30 00:00:00', '2020-07-31 00:00:00', 3),
	(5, '2020-07-30 15:19:47', '2020-08-12 00:00:00', '2020-07-30 00:00:00', '0000-00-00 00:00:00', 1);
/*!40000 ALTER TABLE `phieumuonsach` ENABLE KEYS */;

-- Dumping structure for table thuvien.quantrivien
CREATE TABLE IF NOT EXISTS `quantrivien` (
  `id` int(11) NOT NULL AUTO_INCREMENT,
  `hoten` varchar(255) CHARACTER SET utf8 DEFAULT NULL,
  `tendangnhap` varchar(255) CHARACTER SET utf8 DEFAULT NULL,
  `matkhau` varchar(255) CHARACTER SET utf8 DEFAULT NULL,
  PRIMARY KEY (`id`)
) ENGINE=MyISAM DEFAULT CHARSET=latin1;

-- Dumping data for table thuvien.quantrivien: 1 rows
DELETE FROM `quantrivien`;
/*!40000 ALTER TABLE `quantrivien` DISABLE KEYS */;
INSERT INTO `quantrivien` (`id`, `hoten`, `tendangnhap`, `matkhau`) VALUES
	(1, 'quan tri vien', 'admin', 'admin');
/*!40000 ALTER TABLE `quantrivien` ENABLE KEYS */;

-- Dumping structure for table thuvien.thanhvien
CREATE TABLE IF NOT EXISTS `thanhvien` (
  `id` int(11) NOT NULL AUTO_INCREMENT,
  `hoten` varchar(255) CHARACTER SET utf8 DEFAULT NULL,
  `tendangnhap` varchar(255) CHARACTER SET utf8 DEFAULT NULL,
  `matkhau` varchar(255) CHARACTER SET utf8 DEFAULT NULL,
  `ngaysinh` datetime DEFAULT NULL,
  `ngaygianhap` datetime DEFAULT NULL,
  `tinhtrang` tinyint(4) DEFAULT '0',
  `phamloi` tinyint(4) DEFAULT '0',
  PRIMARY KEY (`id`)
) ENGINE=InnoDB DEFAULT CHARSET=latin1;

-- Dumping data for table thuvien.thanhvien: ~3 rows (approximately)
DELETE FROM `thanhvien`;
/*!40000 ALTER TABLE `thanhvien` DISABLE KEYS */;
INSERT INTO `thanhvien` (`id`, `hoten`, `tendangnhap`, `matkhau`, `ngaysinh`, `ngaygianhap`, `tinhtrang`, `phamloi`) VALUES
	(1, 'nguyễn hoàng vinh', 'vinhnh', '12345678', '1990-01-31 00:00:00', '2020-07-26 12:06:27', 1, 0),
	(2, 'Nguyễn Văn A', 'anguyenvan', '12345678', '1998-02-12 00:00:00', '2020-07-30 03:16:24', 1, 0),
	(3, 'Lê Thúy', 'thuyle', '12345678', '2000-09-09 00:00:00', '2020-07-30 03:18:18', 1, 0);
/*!40000 ALTER TABLE `thanhvien` ENABLE KEYS */;

-- Dumping structure for table thuvien.tuasach
CREATE TABLE IF NOT EXISTS `tuasach` (
  `id` int(11) NOT NULL AUTO_INCREMENT,
  `ten` varchar(255) CHARACTER SET utf8 DEFAULT NULL,
  `tacgia` varchar(255) CHARACTER SET utf8 DEFAULT NULL,
  PRIMARY KEY (`id`)
) ENGINE=InnoDB DEFAULT CHARSET=latin1;

-- Dumping data for table thuvien.tuasach: ~4 rows (approximately)
DELETE FROM `tuasach`;
/*!40000 ALTER TABLE `tuasach` DISABLE KEYS */;
INSERT INTO `tuasach` (`id`, `ten`, `tacgia`) VALUES
	(1, 'Harry Potter and the Philosophers Stone', 'J.K Rowling'),
	(2, 'Harry Potter and the chamber of secrets', 'J.K Rowling'),
	(3, 'Toán cao cấp A1', 'NBX Trẻ'),
	(4, 'Tắt Đèn', 'Ngô Tất Tố');
/*!40000 ALTER TABLE `tuasach` ENABLE KEYS */;

-- Dumping structure for table thuvien.tukhoa
CREATE TABLE IF NOT EXISTS `tukhoa` (
  `id` int(11) NOT NULL AUTO_INCREMENT,
  `tukhoa` varchar(255) CHARACTER SET utf8 DEFAULT NULL,
  `dem` int(11) DEFAULT NULL,
  `ngaytao` datetime NOT NULL,
  PRIMARY KEY (`id`)
) ENGINE=MyISAM DEFAULT CHARSET=latin1;

-- Dumping data for table thuvien.tukhoa: 4 rows
DELETE FROM `tukhoa`;
/*!40000 ALTER TABLE `tukhoa` DISABLE KEYS */;
INSERT INTO `tukhoa` (`id`, `tukhoa`, `dem`, `ngaytao`) VALUES
	(2, 'sach giao khoa lop 1', 3, '2020-07-28 08:17:37'),
	(3, 'toán cao cấp a1', 10, '2020-07-25 08:18:33'),
	(4, 'toán a1', 8, '2020-07-26 08:18:52'),
	(5, 'văn mẫu cấp 2', 1, '2020-07-28 08:19:10');
/*!40000 ALTER TABLE `tukhoa` ENABLE KEYS */;

/*!40101 SET SQL_MODE=IFNULL(@OLD_SQL_MODE, '') */;
/*!40014 SET FOREIGN_KEY_CHECKS=IF(@OLD_FOREIGN_KEY_CHECKS IS NULL, 1, @OLD_FOREIGN_KEY_CHECKS) */;
/*!40101 SET CHARACTER_SET_CLIENT=@OLD_CHARACTER_SET_CLIENT */;
